날짜,업체명,금액,부가세,메모
2025-09-11,GHI 파트너,950000,95000,앱 개발 프로젝트
2025-09-11,클라우드 서비스,-55000,5500,AWS 월 사용료
2025-09-11,스타벅스,-8500,850,고객 미팅 음료
2025-09-10,전자부품 마트,-45000,4500,개발용 부품
2025-09-09,ABC 고객,1200000,120000,웹사이트 제작비
2025-09-08,현대 렌터카,-68000,6800,출장용 렌터카
2025-09-07,베이커리 카페,-15000,1500,팀 미팅 간식
2025-09-06,IT 솔루션,-120000,12000,소프트웨어 라이선스
2025-09-05,코워킹 스페이스,-200000,20000,월 임대료
2025-09-04,서울 주차장,-12000,1200,고객 방문 주차료