date,vendor,amount,vat,memo
2025-09-01,네이버클라우드,88000,8000,서버 호스팅 비용 - 9월분
2025-09-02,교보문고,44000,4000,도서 구매 - 개발 서적  
2025-09-03,DEF고객사,220000,20000,시스템 개발 서비스 매출
2025-09-04,올리브영,16500,1500,사무용 비품 구매
2025-09-05,SK텔레콤,77000,7000,통신비 - 9월분
2025-09-06,스타벅스,12000,0,회의용 음료 - 불공제
2025-09-07,GS25,8800,800,야근 간식 구매
2025-09-08,카카오,55000,5000,카카오워크 구독료
2025-09-09,GitHub,15000,0,GitHub Pro 구독 - 개발도구
2025-09-10,우버이츠,25000,0,야근 식사 - 복리후생비